batch_index,static_accuracy,static_f1,driftguard_accuracy,driftguard_f1,n_features_drifted,drift_share,retrain_triggered,promoted,champion_version,reason,delta_accuracy
3,0.7729166666666667,0.6969416126042632,0.7729166666666667,0.6969416126042632,1,0.2,True,False,1,accuracy dropped 0.084 below baseline -> challenger rejected by gate,0.0
4,0.7875,0.7177121771217713,0.7875,0.7177121771217713,2,0.4,False,False,1,accuracy dropped 0.069 below baseline; suppressed by cool-down,0.0
5,0.73125,0.7249466950959488,0.73125,0.7249466950959488,2,0.4,True,True,3,accuracy dropped 0.125 below baseline -> challenger promoted,0.0
6,0.7277777777777777,0.7147016011644832,0.7902777777777777,0.7997347480106101,2,0.4,False,False,3,healthy,0.0625
7,0.7645833333333333,0.6804901036757776,0.7625,0.7294303797468354,2,0.4,False,False,3,healthy,-0.002083333333333326
8,0.7347222222222223,0.7219796215429404,0.7368055555555556,0.7498349834983499,2,0.4,False,False,3,healthy,0.002083333333333326
9,0.7618055555555555,0.7318217357310399,0.7875,0.7984189723320159,2,0.4,False,False,3,healthy,0.025694444444444464
10,0.6548611111111111,0.40762812872467225,0.75,0.6518375241779497,2,0.4,False,False,3,healthy,0.09513888888888888
11,0.6243055555555556,0.341047503045067,0.6875,0.5588235294117647,2,0.4,True,True,4,accuracy dropped 0.076 below baseline -> challenger promoted,0.06319444444444444
12,0.7263888888888889,0.5407925407925408,0.7944444444444444,0.6643990929705216,5,1.0,False,False,4,dataset drift (5/5 features); suppressed by cool-down,0.06805555555555554
13,0.6055555555555555,0.3333333333333333,0.6416666666666667,0.4279379157427938,5,1.0,True,True,5,dataset drift (5/5 features); accuracy dropped 0.089 below baseline -> challenger promoted,0.036111111111111205
14,0.6916666666666667,0.18681318681318682,0.7180555555555556,0.3344262295081967,5,1.0,False,False,5,dataset drift (5/5 features); accuracy dropped 0.094 below baseline; suppressed by cool-down,0.026388888888888906
15,0.6409722222222223,0.17014446227929375,0.7090277777777778,0.4236588720770289,5,1.0,True,False,5,dataset drift (5/5 features); accuracy dropped 0.103 below baseline -> challenger rejected by gate,0.06805555555555554
16,0.7,0.322884012539185,0.7145833333333333,0.41201716738197425,5,1.0,False,False,5,dataset drift (5/5 features); accuracy dropped 0.098 below baseline; suppressed by cool-down,0.014583333333333393
17,0.6041666666666666,0.2729591836734694,0.6868055555555556,0.47740440324449596,5,1.0,True,True,7,dataset drift (5/5 features); accuracy dropped 0.126 below baseline -> challenger promoted,0.08263888888888893
18,0.6208333333333333,0.28720626631853785,0.6895833333333333,0.5038845726970034,5,1.0,False,False,7,dataset drift (5/5 features); suppressed by cool-down,0.06874999999999998
19,0.6472222222222223,0.072992700729927,0.7034722222222223,0.37481698389458273,5,1.0,True,False,7,dataset drift (5/5 features) -> challenger rejected by gate,0.05625000000000002
20,0.6229166666666667,0.04903677758318739,0.6555555555555556,0.1895424836601307,5,1.0,False,False,7,dataset drift (5/5 features); accuracy dropped 0.060 below baseline; suppressed by cool-down,0.032638888888888884
21,0.6097222222222223,0.07260726072607261,0.6611111111111111,0.29069767441860467,4,0.8,True,True,9,dataset drift (4/5 features); accuracy dropped 0.055 below baseline -> challenger promoted,0.05138888888888882
22,0.5888888888888889,0.08641975308641975,0.6520833333333333,0.4234752589182969,4,0.8,False,False,9,dataset drift (4/5 features); accuracy dropped 0.063 below baseline; suppressed by cool-down,0.06319444444444444
23,0.5791666666666667,0.050156739811912224,0.7048611111111112,0.5771144278606966,5,1.0,True,False,9,dataset drift (5/5 features) -> challenger rejected by gate,0.12569444444444444
24,0.7763888888888889,0.48231511254019294,0.6513888888888889,0.5209923664122137,5,1.0,False,False,9,dataset drift (5/5 features); accuracy dropped 0.063 below baseline; suppressed by cool-down,-0.125
25,0.7618055555555555,0.5492772667542707,0.6979166666666666,0.6329113924050633,5,1.0,True,False,9,dataset drift (5/5 features) -> challenger rejected by gate,-0.06388888888888888
26,0.7951388888888888,0.7182425978987583,0.5777777777777777,0.6529680365296804,5,1.0,False,False,9,dataset drift (5/5 features); accuracy dropped 0.137 below baseline; suppressed by cool-down,-0.21736111111111112
27,0.7826388888888889,0.7883705206220419,0.65,0.7536656891495601,5,1.0,True,True,12,dataset drift (5/5 features); accuracy dropped 0.065 below baseline -> challenger promoted,-0.13263888888888886
28,0.7722222222222223,0.7616279069767442,0.6833333333333333,0.7731343283582089,5,1.0,False,False,12,dataset drift (5/5 features); suppressed by cool-down,-0.0888888888888889
29,0.7625,0.6984126984126984,0.68125,0.7323615160349854,4,0.8,True,True,13,dataset drift (4/5 features) -> challenger promoted,-0.08124999999999993
30,0.7180555555555556,0.46153846153846156,0.7006944444444444,0.616206589492431,4,0.8,False,False,13,dataset drift (4/5 features); accuracy dropped 0.162 below baseline; suppressed by cool-down,-0.01736111111111116
